{"2": {"edge_694": 0.008214318541917506, "edge_882": 0.00241638395737507, "edge_972": 2.292733843768289e-05, "edge_1076": 0.0010579010356243593, "edge_1241": 0.0002841541988864184, "edge_1288": 7.028831093674404e-06, "edge_1350": 0.015858312228738985, "edge_1371": 0.0008843401235008211, "edge_1387": 0.00613233718164061, "edge_1526": 0.016288111183883198, "edge_1671": 0.008104651779881471, "edge_1717": 0.01300510844543217, "edge_1719": 0.005339019528274837, "edge_2008": 0.005786788683613241, "edge_2075": 0.0018053759454878335, "edge_2298": 0.0004062554507779571, "edge_2358": 3.4210463484072003e-05, "edge_2406": 0.0109078476737798, "edge_2434": 0.00017558327184630742, "edge_2742": 2.9162255875465504e-06, "edge_2840": 0.0002503497209918241, "edge_3030": 0.032091710140219575, "edge_3402": 0.012529900855316044, "edge_4751": 0.006219047459163631, "edge_4773": 0.0008622159759138166, "edge_4811": 0.009668203847898819, "edge_4936": 0.006133222550966644, "edge_5024": 0.00011133431426653023, "edge_6104": 4.033371495232865e-05, "edge_7325": 0.0006111746382240448, "edge_7326": 0.006702272640370768, "edge_7349": 0.008488390312019813, "edge_7354": 0.015547876147442035, "edge_7356": 0.0174637973978191, "edge_8569": 0.022629524022062284, "edge_10177": 0.0048274380638693975, "edge_11863": 0.0007005985320485533, "edge_13930": 0.0012733678791373932, "edge_16244": 9.271103400166962e-05, "edge_23917": 0.0008157958470892659, "edge_62333": 0.004563539511397152}, "1": {"edge_882": 0.008683827935837385, "edge_1288": 2.3814910515473737e-05, "edge_1371": 0.0009624721987281897, "edge_1387": 0.009924960612309606, "edge_1526": 0.01935595741362838, "edge_1671": 0.010289743203554485, "edge_1717": 0.017400649894756204, "edge_1719": 0.013402090912638704, "edge_2075": 0.0023848134517981717, "edge_2358": 0.00010512590341459625, "edge_3030": 0.035253835481741894, "edge_3402": 0.019370998240402403, "edge_4773": 0.0009366177593380643, "edge_4811": 0.013320962233527111, "edge_6104": 6.439834488494809e-05, "edge_7349": 0.010776811026355256, "edge_7354": 0.018992898316087505, "edge_7356": 0.021674146579209227, "edge_10177": 0.008193158307661083, "edge_11863": 0.0008496229333789108, "edge_16244": 0.00010416228402154649, "edge_23917": 0.003236023472218812}, "0.5": {"edge_1371": 0.0011430205437321231, "edge_1671": 0.011288293399106798, "edge_2358": 0.0005523607721219598, "edge_3030": 0.04167540404975793, "edge_3402": 0.025322122850299656, "edge_4773": 0.0012743758695164587, "edge_6104": 0.0002210507225790081, "edge_7349": 0.013262511446162334, "edge_7354": 0.024088060127948188, "edge_7356": 0.02496193310608551, "edge_11863": 0.0018982770592729696, "edge_16244": 0.0002961317634379542, "edge_23917": 0.008851292763676494}, "0.25": {"edge_1371": 0.0025010206632887196, "edge_2358": 0.002349908630505471, "edge_6104": 0.0013058188542988498, "edge_23917": 0.013447163670828278}, "0.1": {}, "0.05": {}}