{"2": {"edge_6104": {"syn": 5.6663109482571374e-05, "nonsyn": 3.173334959961328e-06}, "edge_1671": {"syn": 0.007780180895004751, "nonsyn": 0.0007886663721325107}, "edge_2358": {"syn": 9.575590670310498e-06, "nonsyn": 9.356215642806632e-06}}, "1": {"edge_6104": {"syn": 6.340871775430606e-05, "nonsyn": 4.93629882660651e-06}, "edge_1671": {"syn": 0.009721426811749537, "nonsyn": 0.0009957402870684627}, "edge_2358": {"syn": 4.2770971660720226e-05, "nonsyn": 2.7694398302707632e-05}}, "0.5": {"edge_6104": {"syn": 9.71367591129795e-05, "nonsyn": 2.468149413303255e-05}, "edge_1671": {"syn": 0.0103613100970383, "nonsyn": 0.0010749988622910562}, "edge_2358": {"syn": 0.00016214666868392442, "nonsyn": 0.00010273124775801682}}, "0.25": {"edge_6104": {"syn": 0.00015514899024989781, "nonsyn": 0.00018616898431773123}, "edge_1671": {"syn": 0.010992394987154343, "nonsyn": 0.0014135897536952677}, "edge_2358": {"syn": 0.0006007087213841453, "nonsyn": 0.0003665765288851639}}, "0.1": {"edge_6104": {"syn": 0.001486732063090325, "nonsyn": 0.0028485970157252852}, "edge_1671": {"syn": 0.01612105951874378, "nonsyn": 0.007417644570145254}, "edge_2358": {"syn": 0.003846833958619404, "nonsyn": 0.003111877322797486}}, "0.05": {"edge_6104": {"syn": 0.011056051957373152, "nonsyn": 0.01742442967237432}, "edge_1671": {"syn": 0.05363501697290414, "nonsyn": 0.048478376888896245}, "edge_2358": {"syn": 0.016549174169141957, "nonsyn": 0.015977235204595173}}, "0": {"edge_6104": {"syn": 0.06701626905802976, "nonsyn": 0.08201872056070714}, "edge_1671": {"syn": 0.05363501697290414, "nonsyn": 0.048478376888896245}, "edge_2358": {"syn": 0.06374215360141157, "nonsyn": 0.0674042358582204}}}