{"2": {"edge_6104": {"nonnonsense": 1.5018233902809057e-05, "nonsense": 0.0}, "edge_1671": {"nonnonsense": 0.0024112123182474516, "nonsense": 3.985506043023538e-05}, "edge_2358": {"nonnonsense": 9.814314676220475e-06, "nonsense": 0.0}}, "1": {"edge_6104": {"nonnonsense": 1.7962985648457894e-05, "nonsense": 0.0}, "edge_1671": {"nonnonsense": 0.0030214350694580797, "nonsense": 5.314008057364717e-05}, "edge_2358": {"nonnonsense": 3.246273315980618e-05, "nonsense": 0.0}}, "0.5": {"edge_6104": {"nonnonsense": 3.857624786799974e-05, "nonsense": 5.300010011130021e-05}, "edge_1671": {"nonnonsense": 0.003230090713629448, "nonsense": 7.63888658246178e-05}, "edge_2358": {"nonnonsense": 0.00012109354415890492, "nonsense": 3.7815475605236687e-06}}, "0.25": {"edge_6104": {"nonnonsense": 0.00016166687083612102, "nonsense": 0.000512334301075902}, "edge_1671": {"nonnonsense": 0.0036282194362461094, "nonsense": 0.000511473275521354}, "edge_2358": {"nonnonsense": 0.00043651051890697526, "nonsense": 1.8907737802618344e-05}}, "0.1": {"edge_6104": {"nonnonsense": 0.0023540345454716788, "nonsense": 0.00667212371401146}, "edge_1671": {"nonnonsense": 0.009334308869348811, "nonsense": 0.008283210059417253}, "edge_2358": {"nonnonsense": 0.003374161385684599, "nonsense": 0.0010021101035387722}}, "0.05": {"edge_6104": {"nonnonsense": 0.015358647204606063, "nonsense": 0.030840169364764355}, "edge_1671": {"nonnonsense": 0.049190794322901576, "nonsense": 0.05661743459618521}, "edge_2358": {"nonnonsense": 0.01632815082155628, "nonsense": 0.010766065904810884}}, "0": {"edge_6104": {"nonnonsense": 0.07720903496951594, "nonsense": 0.11297854673725495}, "edge_1671": {"nonnonsense": 0.049190794322901576, "nonsense": 0.05661743459618521}, "edge_2358": {"nonnonsense": 0.06672994131492792, "nonsense": 0.06299301926320328}}}